{"cameraMode":{"drawMode":0,"name":"Shaded","section":"Shading Mode"},"sceneLighting":true,"audioPlay":false,"sceneViewState":{"showFog":true,"showMaterialUpdate":false,"showSkybox":true,"showFlares":true,"showImageEffects":true,"showParticleSystems":true},"in2DMode":false,"pivot":{"x":3.1039605140686037,"y":5.2064127922058109,"z":17.604042053222658},"rotation":{"x":-0.1720779985189438,"y":0.36373475193977358,"z":-0.0685785561800003,"w":-0.9129343032836914},"size":20.28272819519043,"orthographic":true}